{
    "success": true,
    "rows": [{
            "menuId": "010001",
            "menuParentId": "0",
            "menuName": "基本配置",
            "menuUrl": ""
        },
        {
            "menuId": "010101",
            "menuParentId": "010001",
            "menuName": "页面模板",
            "menuUrl": ""
        },
        {
            "menuId": "011001",
            "menuParentId": "010101",
            "menuName": "主附表上下关联模板",
            "menuUrl": "http://localhost:2000/docs/pages/components/text.html"
        },
        {
            "menuId": "011002",
            "menuParentId": "010101",
            "menuName": "主附表左右关联模板",
            "menuUrl": ""
        },
        {
            "menuId": "011003",
            "menuParentId": "010101",
            "menuName": "主附表块状关联模板",
            "menuUrl": ""
        },
        {
            "menuId": "011004",
            "menuParentId": "010101",
            "menuName": "表单表格模板",
            "menuUrl": ""
        },
        {
            "menuId": "011005",
            "menuParentId": "010101",
            "menuName": "表单tab表格模板",
            "menuUrl": ""
        },
        {
            "menuId": "011006",
            "menuParentId": "010101",
            "menuName": "树表格模板",
            "menuUrl": ""
        },
        {
            "menuId": "011007",
            "menuParentId": "010101",
            "menuName": "单表格",
            "menuUrl": ""
        },
        {
            "menuId": "011008",
            "menuParentId": "010101",
            "menuName": "单表单",
            "menuUrl": ""
        },
        {
            "menuId": "011009",
            "menuParentId": "010101",
            "menuName": "列表过滤",
            "menuUrl": ""
        },
        {
            "menuId": "011010",
            "menuParentId": "010101",
            "menuName": "列表过滤点击查询",
            "menuUrl": ""
        },
        {
            "menuId": "010102",
            "menuParentId": "010001",
            "menuName": "更新日志",
            "menuUrl": ""
        },
        {
            "menuId": "012001",
            "menuParentId": "010102",
            "menuName": "更新日志",
            "menuUrl": ""
        },
        {
            "menuId": "012002",
            "menuParentId": "010102",
            "menuName": "Map使用",
            "menuUrl": ""
        },
        {
            "menuId": "010103",
            "menuParentId": "010001",
            "menuName": "登录配置",
            "menuUrl": ""
        },
        {
            "menuId": "013001",
            "menuParentId": "010103",
            "menuName": "登录配置",
            "menuUrl": ""
        },
        {
            "menuId": "013002",
            "menuParentId": "010103",
            "menuName": "自动登录",
            "menuUrl": ""
        },
        {
            "menuId": "010104",
            "menuParentId": "010001",
            "menuName": "列表",
            "menuUrl": ""
        },
        {
            "menuId": "014001",
            "menuParentId": "010104",
            "menuName": "基本功能",
            "menuUrl": ""
        },
        {
            "menuId": "014002",
            "menuParentId": "010104",
            "menuName": "高级搜索（适用于手机端）",
            "menuUrl": ""
        },
        {
            "menuId": "014003",
            "menuParentId": "010104",
            "menuName": "tab模板",
            "menuUrl": ""
        },
        {
            "menuId": "014004",
            "menuParentId": "010104",
            "menuName": "兼容手机table",
            "menuUrl": ""
        }, 
        {
            "menuId": "014004",
            "menuParentId": "010105",
            "menuName": "多表单模板",
            "menuUrl": ""
        },
        {
            "menuId": "010105",
            "menuParentId": "010001",
            "menuName": "模板/工具测试",
            "menuUrl": ""
        },
        {
            "menuId": "015001",
            "menuParentId": "010105",
            "menuName": "模板/工具测试",
            "menuUrl": ""
        },
        {
            "menuId": "010002",
            "menuParentId": "0",
            "menuName": "ui类",
            "menuUrl": ""
        },
        {
            "menuId": "010003",
            "menuParentId": "0",
            "menuName": "table",
            "menuUrl": ""
        }, {
            "menuId": "010004",
            "menuParentId": "",
            "menuName": "table更多",
            "menuUrl": ""
        },
        {
            "menuId": "010005",
            "menuParentId": "",
            "menuName": "其他类",
            "menuUrl": ""
        },
        {
            "menuId": "010006",
            "menuParentId": "",
            "menuName": "其他配置",
            "menuUrl": ""
        },
        {
            "menuId": "010007",
            "menuParentId": "",
            "menuName": "外接设备",
            "menuUrl": ""
        },
        {
            "menuId": "",
            "menuParentId": "010004",
            "menuName": "下拉组件 select",
            "menuUrl": ""
        },
        {
            "menuId": "010100",
            "menuParentId": "010001",
            "menuName": "下拉组件 select",
            "menuUrl": "http://localhost:2000/docs/pages/components/radio.html"
        }
    ],
    "total": "104",
    "recordsTotal": "104",
    "recordsFiltered": "104"
}