{
    "success": true,
    "source": [
        {
            "prefix": "",
            "path": "assets/",
            "type": "style",
            "fileName": "css/fonts/linecons/css/linecons.css",
            "version": "1",
            "isCompressFile": false,
            "isExternalFile": false,
            "isSourceCode": false,
            "evnVersion": "PC_BASE_1, PC_TEMPLATE_1"
        },
        {
            "prefix": "",
            "path": "assets/",
            "type": "style",
            "fileName": "css/fonts/fontawesome/css/font-awesome.min.css",
            "version": "4.6.3",
            "isCompressFile": true,
            "isExternalFile": false,
            "isSourceCode": false,
            "evnVersion": "PC_BASE_1, PC_TEMPLATE_1, MOBILE_TEMPLATE_1"
        },
        {
            "prefix": "",
            "path": "assets/",
            "type": "style",
            "fileName": "css/fonts/icomoon/css/icomoon.css",
            "version": "0.0.0",
            "isCompressFile": false,
            "isExternalFile": false,
            "isSourceCode": false,
            "evnVersion": "MOBILE_TEMPLATE_1, PC_TEMPLATE_2"
        },
        {
            "prefix": "",
            "path": "assets/",
            "type": "style",
            "fileName": "css/bootstrap.css",
            "version": "3.0.1",
            "isCompressFile": false,
            "isExternalFile": false,
            "isSourceCode": false,
            "evnVersion": "PC_BASE_1, PC_TEMPLATE_1, MOBILE_TEMPLATE_1"
        },
        {
            "prefix": "",
            "path": "assets/",
            "type": "style",
            "fileName": "css/colorpicker/bootstrap-colorpicker.min.css",
            "version": "3.0.1",
            "isCompressFile": true,
            "isExternalFile": false,
            "isSourceCode": false,
            "evnVersion": "PC_BASE_1, PC_TEMPLATE_1"
        },
        {
            "prefix": "",
            "path": "assets/",
            "type": "style",
            "fileName": "css/animate.min.css",
            "version": "3.5.1",
            "isCompressFile": true,
            "isExternalFile": false,
            "isSourceCode": false,
            "evnVersion": "PRELOAD"
        },
        {
            "prefix": "",
            "path": "assets/",
            "type": "style",
            "fileName": "less/ns-template.css",
            "version": "0.1",
            "isCompressFile": false,
            "isExternalFile": false,
            "isSourceCode": false,
            "evnVersion": "PC_TEMPLATE_1, MOBILE_TEMPLATE_1, PC_TEMPLATE_2"
        },
        {
            "prefix": "",
            "path": "assets/",
            "type": "style",
            "fileName": "less/gjp-common.css",
            "version": "1",
            "isCompressFile": false,
            "isExternalFile": false,
            "isSourceCode": false,
            "evnVersion": "PC_TEMPLATE_2"
        },
        {
            "prefix": "",
            "path": "assets/",
            "type": "style",
            "fileName": "less/netstar-car.css",
            "version": "0.1",
            "isCompressFile": false,
            "isExternalFile": false,
            "isSourceCode": false,
            "evnVersion": "PC_BASE_1"
        },
        {
            "prefix": "",
            "path": "assets/",
            "type": "style",
            "fileName": "css/viewer/viewer.css",
            "version": "0.1.1",
            "isCompressFile": false,
            "isExternalFile": false,
            "isSourceCode": false,
            "evnVersion": "PC_BASE_1, PC_TEMPLATE_1, MOBILE_TEMPLATE_1, PC_TEMPLATE_2"
        },
        {
            "prefix": "",
            "path": "assets/",
            "type": "style",
            "fileName": "less/codemirror/codemirror.css",
            "version": "5.38.0",
            "isCompressFile": false,
            "isExternalFile": false,
            "isSourceCode": false,
            "evnVersion": "PC_BASE_1"
        },
        {
            "prefix": "",
            "path": "assets/",
            "type": "script",
            "fileName": "js/netstar-language.js",
            "version": "0.0.1",
            "isCompressFile": false,
            "isExternalFile": false,
            "isSourceCode": false,
            "evnVersion": "PRELOAD"
        },
        {
            "prefix": "",
            "path": "assets/",
            "type": "script",
            "fileName": "js/jquery.min.js",
            "version": "1.11.1",
            "isCompressFile": true,
            "isExternalFile": false,
            "isSourceCode": false,
            "evnVersion": "LOGIN"
        },
        {
            "prefix": "",
            "path": "assets/",
            "type": "script",
            "fileName": "js/pt/calculator/jquery.plugin.min.js",
            "version": "0.0.1",
            "isCompressFile": true,
            "isExternalFile": false,
            "isSourceCode": false,
            "evnVersion": "PC_TEMPLATE_2"
        },
        {
            "prefix": "",
            "path": "assets/",
            "type": "script",
            "fileName": "js/pt/calculator/jquery.calculator.min.js",
            "version": "0.0.1",
            "isCompressFile": true,
            "isExternalFile": false,
            "isSourceCode": false,
            "evnVersion": "PC_TEMPLATE_2"
        },
        {
            "prefix": "",
            "path": "",
            "type": "script",
            "fileName": "http://api.map.baidu.com/api?v=2.0&ak=ynuTQMd2MkF8uAPGc3NzGBP2SLCGBHDv",
            "version": "",
            "isCompressFile": false,
            "isExternalFile": true,
            "isSourceCode": false,
            "evnVersion": "PC_TEMPLATE_2"
        },
        {
            "prefix": "",
            "path": "",
            "type": "script",
            "fileName": "https://map.qq.com/api/js?v=2.exp&key=2WPBZ-7QQWX-PZY4W-TZKNS-6OSYO-NMBYJ",
            "version": "",
            "isCompressFile": false,
            "isExternalFile": true,
            "isSourceCode": false,
            "evnVersion": "PC_TEMPLATE_2"
        },
        {
            "prefix": "",
            "path": "",
            "type": "script",
            "fileName": "https://3gimg.qq.com/lightmap/components/geolocation/geolocation.min.js",
            "version": "",
            "isCompressFile": false,
            "isExternalFile": true,
            "isSourceCode": false,
            "evnVersion": "PC_TEMPLATE_2"
        },
        {
            "prefix": "",
            "path": "assets/",
            "type": "script",
            "fileName": "js/bootstrap.min.js",
            "version": "3.3.6",
            "isCompressFile": true,
            "isExternalFile": false,
            "isSourceCode": false,
            "evnVersion": "PC_BASE_1,PC_TEMPLATE_1,MOBILE_TEMPLATE_1"
        },
        {
            "prefix": "",
            "path": "assets/",
            "type": "script",
            "fileName": "js/colorpicker/bootstrap-colorpicker.min.js",
            "version": "3.3.6",
            "isCompressFile": true,
            "isExternalFile": false,
            "isSourceCode": false,
            "evnVersion": "PC_BASE_1,PC_TEMPLATE_1"
        },
        {
            "prefix": "",
            "path": "assets/",
            "type": "script",
            "fileName": "js/datatables/js/jquery.dataTables.min.js",
            "version": "1.10.2",
            "isCompressFile": true,
            "isExternalFile": false,
            "isSourceCode": false,
            "evnVersion": "PC_BASE_1,PC_TEMPLATE_1,MOBILE_TEMPLATE_1"
        },
        {
            "prefix": "",
            "path": "assets/",
            "type": "script",
            "fileName": "js/datatables/yadcf/jquery.dataTables.yadcf.js",
            "version": "0.8.3",
            "isCompressFile": false,
            "isExternalFile": false,
            "isSourceCode": false,
            "evnVersion": "PC_BASE_1,PC_TEMPLATE_1,MOBILE_TEMPLATE_1"
        },
        {
            "prefix": "",
            "path": "assets/",
            "type": "script",
            "fileName": "js/datatables/tabletools/dataTables.tableTools.min.js",
            "version": "2.2.3",
            "isCompressFile": true,
            "isExternalFile": false,
            "isSourceCode": false,
            "evnVersion": "PC_BASE_1,PC_TEMPLATE_1,MOBILE_TEMPLATE_1"
        },
        {
            "prefix": "",
            "path": "assets/",
            "type": "script",
            "fileName": "js/datatables/js/dataTables.bootstrap.min.js",
            "version": "1.10.2",
            "isCompressFile": true,
            "isExternalFile": false,
            "isSourceCode": false,
            "evnVersion": "PC_BASE_1,PC_TEMPLATE_1,MOBILE_TEMPLATE_1"
        },
        {
            "prefix": "",
            "path": "assets/",
            "type": "script",
            "fileName": "js/TweenMax.min.js",
            "version": "1.13.1",
            "isCompressFile": true,
            "isExternalFile": false,
            "isSourceCode": false,
            "evnVersion": "PC_BASE_1,PC_TEMPLATE_1"
        },
        {
            "prefix": "",
            "path": "assets/",
            "type": "script",
            "fileName": "js/resizeable.js",
            "version": "1",
            "isCompressFile": false,
            "isExternalFile": false,
            "isSourceCode": false,
            "evnVersion": "PC_BASE_1,PC_TEMPLATE_1"
        },
        {
            "prefix": "",
            "path": "assets/",
            "type": "script",
            "fileName": "js/joinable.js",
            "version": "1.18.9",
            "isCompressFile": false,
            "isExternalFile": false,
            "isSourceCode": false,
            "evnVersion": "PC_BASE_1,PC_TEMPLATE_1"
        },
        {
            "prefix": "",
            "path": "assets/",
            "type": "script",
            "fileName": "js/jquery-validate/jquery.validate.js",
            "version": "1.15.0",
            "isCompressFile": false,
            "isExternalFile": false,
            "isSourceCode": false,
            "evnVersion": "PRELOAD"
        },
        {
            "prefix": "",
            "path": "assets/",
            "type": "script",
            "fileName": "js/base64/jquery.base64.js",
            "version": "10.0.0",
            "isCompressFile": false,
            "isExternalFile": false,
            "isSourceCode": false,
            "evnVersion": "PC_BASE_1,PC_TEMPLATE_1,MOBILE_TEMPLATE_1"
        },
        {
            "prefix": "",
            "path": "assets/",
            "type": "script",
            "fileName": "js/export/tableExport.js",
            "version": "10.0.0",
            "isCompressFile": false,
            "isExternalFile": false,
            "isSourceCode": false,
            "evnVersion": "PC_BASE_1,PC_TEMPLATE_1,MOBILE_TEMPLATE_1"
        },
        {
            "prefix": "",
            "path": "assets/",
            "type": "script",
            "fileName": "js/dropzone/dropzone.min.js",
            "version": "0.0.0",
            "isCompressFile": true,
            "isExternalFile": false,
            "isSourceCode": false,
            "evnVersion": "PC_BASE_1,PC_TEMPLATE_1,MOBILE_TEMPLATE_1"
        },
        {
            "prefix": "",
            "path": "assets/",
            "type": "script",
            "fileName": "js/dropzone/image-compressor.min.js",
            "version": "0.0.0",
            "isCompressFile": true,
            "isExternalFile": false,
            "isSourceCode": false,
            "evnVersion": "PC_BASE_1,PC_TEMPLATE_1,PC_TEMPLATE_2"
        },
        {
            "prefix": "",
            "path": "assets/",
            "type": "script",
            "fileName": "js/dropzone/polyfill.min.js",
            "version": "0.0.0",
            "isCompressFile": true,
            "isExternalFile": false,
            "isSourceCode": false,
            "evnVersion": "PC_BASE_1,PC_TEMPLATE_1,PC_TEMPLATE_2"
        },
        {
            "prefix": "",
            "path": "assets/",
            "type": "script",
            "fileName": "js/moment.js",
            "version": "0.1.0",
            "isCompressFile": false,
            "isExternalFile": false,
            "isSourceCode": false,
            "evnVersion": "PC_BASE_1,PC_TEMPLATE_1,MOBILE_TEMPLATE_1,PC_TEMPLATE_2"
        },
        {
            "prefix": "",
            "path": "assets/",
            "type": "script",
            "fileName": "js/datepicker/bootstrap-datepicker.js",
            "version": "10.0.0",
            "isCompressFile": false,
            "isExternalFile": false,
            "isSourceCode": false,
            "evnVersion": "PC_BASE_1,PC_TEMPLATE_1,MOBILE_TEMPLATE_1,PC_TEMPLATE_2"
        },
        {
            "prefix": "",
            "path": "assets/",
            "type": "script",
            "fileName": "js/timepicker/bootstrap-timepicker.min.js",
            "version": "10.0.0",
            "isCompressFile": true,
            "isExternalFile": false,
            "isSourceCode": false,
            "evnVersion": "PC_BASE_1,PC_TEMPLATE_1,MOBILE_TEMPLATE_1"
        },
        {
            "prefix": "",
            "path": "assets/",
            "type": "script",
            "fileName": "js/daterangepicker/daterangepicker.js",
            "version": "1.3.13",
            "isCompressFile": false,
            "isExternalFile": false,
            "isSourceCode": false,
            "evnVersion": "PC_BASE_1,PC_TEMPLATE_1,MOBILE_TEMPLATE_1,PC_TEMPLATE_2"
        },
        {
            "prefix": "",
            "path": "assets/",
            "type": "script",
            "fileName": "js/inputmask/jquery.inputmask.bundle.js",
            "version": "3.1.25",
            "isCompressFile": false,
            "isExternalFile": false,
            "isSourceCode": false,
            "evnVersion": "PC_BASE_1,PC_TEMPLATE_1,PC_TEMPLATE_2"
        },
        {
            "prefix": "",
            "path": "assets/",
            "type": "script",
            "fileName": "js/select2/select2.full.js",
            "version": "4.0.3",
            "isCompressFile": false,
            "isExternalFile": false,
            "isSourceCode": false,
            "evnVersion": "PC_BASE_1,PC_TEMPLATE_1,MOBILE_TEMPLATE_1,PC_TEMPLATE_2"
        },
        {
            "prefix": "",
            "path": "assets/",
            "type": "script",
            "fileName": "js/multiselect/jquery.multi-select.js",
            "version": "0.9.12",
            "isCompressFile": false,
            "isExternalFile": false,
            "isSourceCode": false,
            "evnVersion": "PC_BASE_1,PC_TEMPLATE_1,MOBILE_TEMPLATE_1"
        },
        {
            "prefix": "",
            "path": "assets/",
            "type": "script",
            "fileName": "js/multiselect/jquery.quicksearch.js",
            "version": "0.9.12",
            "isCompressFile": false,
            "isExternalFile": false,
            "isSourceCode": false,
            "evnVersion": "PC_BASE_1,PC_TEMPLATE_1,MOBILE_TEMPLATE_1"
        },
        {
            "prefix": "",
            "path": "assets/",
            "type": "script",
            "fileName": "js/selectboxit/jquery.selectBoxIt.min.js",
            "version": "3.8.1",
            "isCompressFile": true,
            "isExternalFile": false,
            "isSourceCode": false,
            "evnVersion": "PC_BASE_1,PC_TEMPLATE_1,MOBILE_TEMPLATE_1"
        },
        {
            "prefix": "",
            "path": "assets/",
            "type": "script",
            "fileName": "js/netstar-provincedata.js",
            "version": "0.1.0",
            "isCompressFile": false,
            "isExternalFile": false,
            "isSourceCode": false,
            "evnVersion": "PC_BASE_1,PC_TEMPLATE_1,MOBILE_TEMPLATE_1,PC_TEMPLATE_2"
        },
        {
            "prefix": "",
            "path": "assets/",
            "type": "script",
            "fileName": "js/netstar-provinceSelect.js",
            "version": "0.1.0",
            "isCompressFile": false,
            "isExternalFile": false,
            "isSourceCode": false,
            "evnVersion": "PC_BASE_1,PC_TEMPLATE_1,MOBILE_TEMPLATE_1"
        },
        {
            "prefix": "",
            "path": "assets/",
            "type": "script",
            "fileName": "js/pt/common/netstar-ime.js",
            "version": "0.1.0",
            "isCompressFile": false,
            "isExternalFile": false,
            "isSourceCode": false,
            "evnVersion": "PC_BASE_1,PC_TEMPLATE_1,MOBILE_TEMPLATE_1,PC_TEMPLATE_2"
        },
        {
            "prefix": "",
            "path": "assets/",
            "type": "script",
            "fileName": "js/common/treeformat.js",
            "version": "0.1.0",
            "isCompressFile": false,
            "isExternalFile": false,
            "isSourceCode": false,
            "evnVersion": "PC_BASE_1,PC_TEMPLATE_1,MOBILE_TEMPLATE_1,PC_TEMPLATE_2"
        },
        {
            "prefix": "",
            "path": "assets/",
            "type": "script",
            "fileName": "js/uikit/js/uikit.min.js",
            "version": "2.10.0",
            "isCompressFile": true,
            "isExternalFile": false,
            "isSourceCode": false,
            "evnVersion": "PC_BASE_1"
        },
        {
            "prefix": "",
            "path": "assets/",
            "type": "script",
            "fileName": "js/uikit/js/addons/nestable.min.js",
            "version": "0.0.0",
            "isCompressFile": true,
            "isExternalFile": false,
            "isSourceCode": false,
            "evnVersion": "PC_BASE_1"
        },
        {
            "prefix": "",
            "path": "assets/",
            "type": "script",
            "fileName": "js/jquery.typeahead.js",
            "version": "2.7.0",
            "isCompressFile": false,
            "isExternalFile": false,
            "isSourceCode": false,
            "evnVersion": "PC_BASE_1"
        },
        {
            "prefix": "",
            "path": "assets/",
            "type": "script",
            "fileName": "js/echarts/echarts.min.js",
            "version": "14.1.7",
            "isCompressFile": true,
            "isExternalFile": false,
            "isSourceCode": false,
            "evnVersion": "PC_BASE_1,PC_TEMPLATE_1,MOBILE_TEMPLATE_1,PC_TEMPLATE_2"
        },
        {
            "prefix": "",
            "path": "assets/",
            "type": "script",
            "fileName": "js/echarts/ecstat/ecStat.min.js",
            "version": "0.0.0",
            "isCompressFile": true,
            "isExternalFile": false,
            "isSourceCode": false,
            "evnVersion": "PC_BASE_1,PC_TEMPLATE_1,MOBILE_TEMPLATE_1,PC_TEMPLATE_2"
        },
        {
            "prefix": "",
            "path": "assets/",
            "type": "script",
            "fileName": "js/jquery.hotkeys.js",
            "version": "0.2.0",
            "isCompressFile": false,
            "isExternalFile": false,
            "isSourceCode": false,
            "evnVersion": "PC_BASE_1,PC_TEMPLATE_1,MOBILE_TEMPLATE_1"
        },
        {
            "prefix": "",
            "path": "assets/",
            "type": "script",
            "fileName": "js/store.min.js",
            "version": "0.1.0",
            "isCompressFile": true,
            "isExternalFile": false,
            "isSourceCode": false,
            "evnVersion": "PC_BASE_1,PC_TEMPLATE_1,MOBILE_TEMPLATE_1,PC_TEMPLATE_2"
        },
        {
            "prefix": "",
            "path": "assets/",
            "type": "script",
            "fileName": "js/toastr/toastr.min.js",
            "version": "2.1.2",
            "isCompressFile": true,
            "isExternalFile": false,
            "isSourceCode": false,
            "evnVersion": "DISABLE"
        },
        {
            "prefix": "",
            "path": "assets/",
            "type": "script",
            "fileName": "js/netstar-api.js",
            "version": "1.0.0",
            "isCompressFile": false,
            "isExternalFile": false,
            "isSourceCode": false,
            "evnVersion": "PC_BASE_1"
        },
        {
            "prefix": "",
            "path": "assets/",
            "type": "script",
            "fileName": "js/netstar-toggles.js",
            "version": "1.0.0",
            "isCompressFile": false,
            "isExternalFile": false,
            "isSourceCode": false,
            "evnVersion": "PC_BASE_1"
        },
        {
            "prefix": "",
            "path": "assets/",
            "type": "script",
            "fileName": "js/netstar-widgets.js",
            "version": "1.0.0",
            "isCompressFile": false,
            "isExternalFile": false,
            "isSourceCode": false,
            "evnVersion": "PC_BASE_1"
        },
        {
            "prefix": "",
            "path": "assets/",
            "type": "script",
            "fileName": "js/netstar-custom.js",
            "version": "1.0.0",
            "isCompressFile": false,
            "isExternalFile": false,
            "isSourceCode": false,
            "evnVersion": "PC_BASE_1"
        },
        {
            "prefix": "",
            "path": "assets/",
            "type": "script",
            "fileName": "js/netstar-base.js",
            "version": "0.1.0",
            "isCompressFile": false,
            "isExternalFile": false,
            "isSourceCode": false,
            "evnVersion": "PC_BASE_1"
        },
        {
            "prefix": "",
            "path": "assets/",
            "type": "script",
            "fileName": "js/ui/nstree.js",
            "version": "0.1.0",
            "isCompressFile": false,
            "isExternalFile": false,
            "isSourceCode": false,
            "evnVersion": "PC_BASE_1,PC_TEMPLATE_1,MOBILE_TEMPLATE_1"
        },
        {
            "prefix": "",
            "path": "assets/",
            "type": "script",
            "fileName": "js/ui/nsui-addsearchinput.js",
            "version": "0.1.0",
            "isCompressFile": false,
            "isExternalFile": false,
            "isSourceCode": false,
            "evnVersion": "PC_BASE_1,PC_TEMPLATE_1"
        },
        {
            "prefix": "",
            "path": "assets/",
            "type": "script",
            "fileName": "js/ui/nsui-chart.js",
            "version": "0.1.0",
            "isCompressFile": false,
            "isExternalFile": false,
            "isSourceCode": false,
            "evnVersion": "PC_BASE_1,PC_TEMPLATE_1"
        },
        {
            "prefix": "",
            "path": "assets/",
            "type": "script",
            "fileName": "js/ui/nsui-personselect.js",
            "version": "0.1.0",
            "isCompressFile": false,
            "isExternalFile": false,
            "isSourceCode": false,
            "evnVersion": "PC_BASE_1,PC_TEMPLATE_1"
        },
        {
            "prefix": "",
            "path": "assets/",
            "type": "script",
            "fileName": "js/ui/nsui-projectandtree.js",
            "version": "0.1.0",
            "isCompressFile": false,
            "isExternalFile": false,
            "isSourceCode": false,
            "evnVersion": "PC_BASE_1,PC_TEMPLATE_1"
        },
        {
            "prefix": "",
            "path": "assets/",
            "type": "script",
            "fileName": "js/ui/nsui-projectselect.js",
            "version": "0.1.0",
            "isCompressFile": false,
            "isExternalFile": false,
            "isSourceCode": false,
            "evnVersion": "PC_BASE_1,PC_TEMPLATE_1"
        },
        {
            "prefix": "",
            "path": "assets/",
            "type": "script",
            "fileName": "js/ui/nsui-statetable.js",
            "version": "0.1.0",
            "isCompressFile": false,
            "isExternalFile": false,
            "isSourceCode": false,
            "evnVersion": "PC_BASE_1,PC_TEMPLATE_1"
        },
        {
            "prefix": "",
            "path": "assets/",
            "type": "script",
            "fileName": "js/ui/nsui-treeplane.js",
            "version": "0.1.0",
            "isCompressFile": false,
            "isExternalFile": false,
            "isSourceCode": false,
            "evnVersion": "PC_BASE_1,PC_TEMPLATE_1"
        },
        {
            "prefix": "",
            "path": "assets/",
            "type": "script",
            "fileName": "js/ui/nsui-organizaselect.js",
            "version": "0.1.0",
            "isCompressFile": false,
            "isExternalFile": false,
            "isSourceCode": false,
            "evnVersion": "PC_BASE_1,PC_TEMPLATE_1"
        },
        {
            "prefix": "",
            "path": "assets/",
            "type": "script",
            "fileName": "js/ui/nsui-confirm.js",
            "version": "0.1.0",
            "isCompressFile": false,
            "isExternalFile": false,
            "isSourceCode": false,
            "evnVersion": "PC_BASE_1,PC_TEMPLATE_1,MOBILE_TEMPLATE_1"
        },
        {
            "prefix": "",
            "path": "assets/",
            "type": "script",
            "fileName": "js/ui/nsui-notify.js",
            "version": "0.1.0",
            "isCompressFile": false,
            "isExternalFile": false,
            "isSourceCode": false,
            "evnVersion": "PC_BASE_1,PC_TEMPLATE_1"
        },
        {
            "prefix": "",
            "path": "assets/",
            "type": "script",
            "fileName": "js/ui/nsui-tablemanager.js",
            "version": "0.1.0",
            "isCompressFile": false,
            "isExternalFile": false,
            "isSourceCode": false,
            "evnVersion": "PC_BASE_1,PC_TEMPLATE_1"
        },
        {
            "prefix": "",
            "path": "assets/",
            "type": "script",
            "fileName": "js/ui/nsui-statictable.js",
            "version": "0.1.0",
            "isCompressFile": false,
            "isExternalFile": false,
            "isSourceCode": false,
            "evnVersion": "PC_BASE_1,PC_TEMPLATE_1"
        },
        {
            "prefix": "",
            "path": "assets/",
            "type": "script",
            "fileName": "js/ui/nsui-login.js",
            "version": "0.1.0",
            "isCompressFile": false,
            "isExternalFile": false,
            "isSourceCode": false,
            "evnVersion": "PC_BASE_1,PC_TEMPLATE_1,PC_TEMPLATE_2"
        },
        {
            "prefix": "",
            "path": "assets/",
            "type": "script",
            "fileName": "js/ui/nsui-timeline.js",
            "version": "0.1.0",
            "isCompressFile": false,
            "isExternalFile": false,
            "isSourceCode": false,
            "evnVersion": "PC_BASE_1"
        },
        {
            "prefix": "",
            "path": "assets/",
            "type": "script",
            "fileName": "js/ui/input-mask.js",
            "version": "0.1.0",
            "isCompressFile": false,
            "isExternalFile": false,
            "isSourceCode": false,
            "evnVersion": "PC_BASE_1,PC_TEMPLATE_1,PC_TEMPLATE_2"
        },
        {
            "prefix": "",
            "path": "assets/",
            "type": "script",
            "fileName": "js/ui/advancesearch.js",
            "version": "0.1.0",
            "isCompressFile": false,
            "isExternalFile": false,
            "isSourceCode": false,
            "evnVersion": "PC_BASE_1,PC_TEMPLATE_1"
        },
        {
            "prefix": "",
            "path": "assets/",
            "type": "script",
            "fileName": "js/ui/inputSelect.js",
            "version": "0.1.0",
            "isCompressFile": false,
            "isExternalFile": false,
            "isSourceCode": false,
            "evnVersion": "PC_BASE_1,PC_TEMPLATE_1"
        },
        {
            "prefix": "",
            "path": "assets/",
            "type": "script",
            "fileName": "js/ui/ztree.js",
            "version": "0.1.0",
            "isCompressFile": false,
            "isExternalFile": false,
            "isSourceCode": false,
            "evnVersion": "PC_BASE_1,PC_TEMPLATE_1,MOBILE_TEMPLATE_1,PC_TEMPLATE_2"
        },
        {
            "prefix": "",
            "path": "assets/",
            "type": "script",
            "fileName": "js/ui/nsui-quicktyping.js",
            "version": "0.1.0",
            "isCompressFile": false,
            "isExternalFile": false,
            "isSourceCode": false,
            "evnVersion": "PC_BASE_1,PC_TEMPLATE_1"
        },
        {
            "prefix": "",
            "path": "assets/",
            "type": "script",
            "fileName": "js/ui/nsui-dragwindows.js",
            "version": "0.1.0",
            "isCompressFile": false,
            "isExternalFile": false,
            "isSourceCode": false,
            "evnVersion": "PC_TEMPLATE_2"
        },
        {
            "prefix": "",
            "path": "assets/",
            "type": "script",
            "fileName": "js/common/getrootpath.js",
            "version": "0.1.0",
            "isCompressFile": false,
            "isExternalFile": false,
            "isSourceCode": false,
            "evnVersion": "PC_BASE_1,PC_TEMPLATE_1,MOBILE_TEMPLATE_1,PC_TEMPLATE_2"
        },
        {
            "prefix": "",
            "path": "assets/",
            "type": "script",
            "fileName": "js/common/height.js",
            "version": "0.1.0",
            "isCompressFile": false,
            "isExternalFile": false,
            "isSourceCode": false,
            "evnVersion": "PC_BASE_1"
        },
        {
            "prefix": "",
            "path": "assets/",
            "type": "script",
            "fileName": "js/common/mainmenu.js",
            "version": "0.1.0",
            "isCompressFile": false,
            "isExternalFile": false,
            "isSourceCode": false,
            "evnVersion": "PC_BASE_1,PC_TEMPLATE_1,MOBILE_TEMPLATE_1"
        },
        {
            "prefix": "",
            "path": "assets/",
            "type": "script",
            "fileName": "js/menu/menu.js",
            "version": "0.1.0",
            "isCompressFile": false,
            "isExternalFile": false,
            "isSourceCode": false,
            "evnVersion": "PC_BASE_1,PC_TEMPLATE_1,MOBILE_TEMPLATE_1"
        },
        {
            "prefix": "",
            "path": "assets/",
            "type": "script",
            "fileName": "js/common/baseframe.js",
            "version": "0.1.0",
            "isCompressFile": false,
            "isExternalFile": false,
            "isSourceCode": false,
            "evnVersion": "PC_BASE_1,PC_TEMPLATE_1,MOBILE_TEMPLATE_1"
        },
        {
            "prefix": "",
            "path": "assets/",
            "type": "script",
            "fileName": "js/common/nsdebuger.js",
            "version": "0.1.0",
            "isCompressFile": false,
            "isExternalFile": false,
            "isSourceCode": false,
            "evnVersion": "PRELOAD"
        },
        {
            "prefix": "",
            "path": "assets/",
            "type": "script",
            "fileName": "js/common/nsframe.js",
            "version": "0.1.0",
            "isCompressFile": false,
            "isExternalFile": false,
            "isSourceCode": false,
            "evnVersion": "PC_BASE_1,PC_TEMPLATE_1,MOBILE_TEMPLATE_1"
        },
        {
            "prefix": "",
            "path": "assets/",
            "type": "script",
            "fileName": "js/common/nslayout.js",
            "version": "0.1.0",
            "isCompressFile": false,
            "isExternalFile": false,
            "isSourceCode": false,
            "evnVersion": "PC_BASE_1,PC_TEMPLATE_1,MOBILE_TEMPLATE_1"
        },
        {
            "prefix": "",
            "path": "assets/",
            "type": "script",
            "fileName": "js/pt/nspt-vals.js",
            "version": "0.1.0",
            "isCompressFile": false,
            "isExternalFile": false,
            "isSourceCode": false,
            "evnVersion": "PC_TEMPLATE_2"
        },
        {
            "prefix": "",
            "path": "assets/",
            "type": "script",
            "fileName": "js/common/nsnav.js",
            "version": "0.1.0",
            "isCompressFile": false,
            "isExternalFile": false,
            "isSourceCode": false,
            "evnVersion": "PC_BASE_1,PC_TEMPLATE_1,MOBILE_TEMPLATE_1"
        },
        {
            "prefix": "",
            "path": "assets/",
            "type": "script",
            "fileName": "js/common/screen.js",
            "version": "0.1.0",
            "isCompressFile": false,
            "isExternalFile": false,
            "isSourceCode": false,
            "evnVersion": "PC_BASE_1,PC_TEMPLATE_1,MOBILE_TEMPLATE_1"
        },
        {
            "prefix": "",
            "path": "assets/",
            "type": "script",
            "fileName": "js/common/provinceselect.js",
            "version": "0.1.0",
            "isCompressFile": false,
            "isExternalFile": false,
            "isSourceCode": false,
            "evnVersion": "PC_BASE_1,PC_TEMPLATE_1,MOBILE_TEMPLATE_1"
        },
        {
            "prefix": "",
            "path": "assets/",
            "type": "script",
            "fileName": "js/common/nscomponent.js",
            "version": "0.1.0",
            "isCompressFile": false,
            "isExternalFile": false,
            "isSourceCode": false,
            "evnVersion": "PC_BASE_1,PC_TEMPLATE_1,MOBILE_TEMPLATE_1"
        },
        {
            "prefix": "",
            "path": "assets/",
            "type": "script",
            "fileName": "js/ui/nsform-component.js",
            "version": "0.1.0",
            "isCompressFile": false,
            "isExternalFile": false,
            "isSourceCode": false,
            "evnVersion": "PC_BASE_1,PC_TEMPLATE_1,MOBILE_TEMPLATE_1"
        },
        {
            "prefix": "",
            "path": "assets/",
            "type": "script",
            "fileName": "js/common/nsformbase.js",
            "version": "0.1.0",
            "isCompressFile": false,
            "isExternalFile": false,
            "isSourceCode": false,
            "evnVersion": "PC_BASE_1,PC_TEMPLATE_1,MOBILE_TEMPLATE_1"
        },
        {
            "prefix": "",
            "path": "assets/",
            "type": "script",
            "fileName": "js/common/nsform.js",
            "version": "0.1.0",
            "isCompressFile": false,
            "isExternalFile": false,
            "isSourceCode": false,
            "evnVersion": "PC_BASE_1,PC_TEMPLATE_1,MOBILE_TEMPLATE_1"
        },
        {
            "prefix": "",
            "path": "assets/",
            "type": "script",
            "fileName": "js/common/controlplane.js",
            "version": "0.1.0",
            "isCompressFile": false,
            "isExternalFile": false,
            "isSourceCode": false,
            "evnVersion": "PC_BASE_1,PC_TEMPLATE_1,MOBILE_TEMPLATE_1"
        },
        {
            "prefix": "",
            "path": "assets/",
            "type": "script",
            "fileName": "js/common/nsmultiselect.js",
            "version": "0.1.0",
            "isCompressFile": false,
            "isExternalFile": false,
            "isSourceCode": false,
            "evnVersion": "PC_BASE_1,PC_TEMPLATE_1"
        },
        {
            "prefix": "",
            "path": "assets/",
            "type": "script",
            "fileName": "js/common/personui.js",
            "version": "0.1.0",
            "isCompressFile": false,
            "isExternalFile": false,
            "isSourceCode": false,
            "evnVersion": "PC_BASE_1"
        },
        {
            "prefix": "",
            "path": "assets/",
            "type": "script",
            "fileName": "js/common/tree-ui.js",
            "version": "0.1.0",
            "isCompressFile": false,
            "isExternalFile": false,
            "isSourceCode": false,
            "evnVersion": "PC_BASE_1"
        },
        {
            "prefix": "",
            "path": "assets/",
            "type": "script",
            "fileName": "js/common/nsvalidate.js",
            "version": "0.1.0",
            "isCompressFile": false,
            "isExternalFile": false,
            "isSourceCode": false,
            "evnVersion": "PC_BASE_1,PC_TEMPLATE_1"
        },
        {
            "prefix": "",
            "path": "assets/",
            "type": "script",
            "fileName": "js/common/nsalert.js",
            "version": "0.1.0",
            "isCompressFile": false,
            "isExternalFile": false,
            "isSourceCode": false,
            "evnVersion": "PRELOAD"
        },
        {
            "prefix": "",
            "path": "assets/",
            "type": "script",
            "fileName": "js/common/shortcutmenus.js",
            "version": "0.1.0",
            "isCompressFile": false,
            "isExternalFile": false,
            "isSourceCode": false,
            "evnVersion": "PC_BASE_1"
        },
        {
            "prefix": "",
            "path": "assets/",
            "type": "script",
            "fileName": "js/dialog/nswindow.js",
            "version": "0.1.0",
            "isCompressFile": false,
            "isExternalFile": false,
            "isSourceCode": false,
            "evnVersion": "PC_BASE_1,PC_TEMPLATE_1"
        },
        {
            "prefix": "",
            "path": "assets/",
            "type": "script",
            "fileName": "js/dialog/popupbox.js",
            "version": "0.1.0",
            "isCompressFile": false,
            "isExternalFile": false,
            "isSourceCode": false,
            "evnVersion": "PC_BASE_1,PC_TEMPLATE_1"
        },
        {
            "prefix": "",
            "path": "assets/",
            "type": "script",
            "fileName": "js/dialog/popupboxmore.js",
            "version": "0.1.0",
            "isCompressFile": false,
            "isExternalFile": false,
            "isSourceCode": false,
            "evnVersion": "PC_BASE_1,PC_TEMPLATE_1"
        },
        {
            "prefix": "",
            "path": "assets/",
            "type": "script",
            "fileName": "js/dialog/custom.js",
            "version": "0.1.0",
            "isCompressFile": false,
            "isExternalFile": false,
            "isSourceCode": false,
            "evnVersion": "PC_BASE_1"
        },
        {
            "prefix": "",
            "path": "assets/",
            "type": "script",
            "fileName": "js/common/nsbutton.js",
            "version": "0.1.0",
            "isCompressFile": false,
            "isExternalFile": false,
            "isSourceCode": false,
            "evnVersion": "PC_BASE_1"
        },
        {
            "prefix": "",
            "path": "assets/",
            "type": "script",
            "fileName": "js/common/commonbutton.js",
            "version": "0.1.0",
            "isCompressFile": false,
            "isExternalFile": false,
            "isSourceCode": false,
            "evnVersion": "PC_BASE_1"
        },
        {
            "prefix": "",
            "path": "assets/",
            "type": "script",
            "fileName": "js/common/commonconfig.js",
            "version": "0.1.0",
            "isCompressFile": false,
            "isExternalFile": false,
            "isSourceCode": false,
            "evnVersion": "PC_BASE_1"
        },
        {
            "prefix": "",
            "path": "assets/",
            "type": "script",
            "fileName": "js/netstar-messager.js",
            "version": "0.0.0",
            "isCompressFile": false,
            "isExternalFile": false,
            "isSourceCode": false,
            "evnVersion": "PC_BASE_1"
        },
        {
            "prefix": "",
            "path": "assets/",
            "type": "script",
            "fileName": "js/nsCommon.js",
            "version": "0.1.0",
            "isCompressFile": false,
            "isExternalFile": false,
            "isSourceCode": false,
            "evnVersion": "PC_BASE_1"
        },
        {
            "prefix": "",
            "path": "assets/",
            "type": "script",
            "fileName": "js/ui/nsui-soundplayer.js",
            "version": "0.1.0",
            "isCompressFile": false,
            "isExternalFile": false,
            "isSourceCode": false,
            "evnVersion": "PC_BASE_1"
        },
        {
            "prefix": "",
            "path": "assets/",
            "type": "script",
            "fileName": "js/netstar-datatable.js",
            "version": "0.1.0",
            "isCompressFile": false,
            "isExternalFile": false,
            "isSourceCode": false,
            "evnVersion": "PC_BASE_1,PC_TEMPLATE_1"
        },
        {
            "prefix": "",
            "path": "assets/",
            "type": "script",
            "fileName": "js/ui/nsui-resulttable.js",
            "version": "0.1.0",
            "isCompressFile": false,
            "isExternalFile": false,
            "isSourceCode": false,
            "evnVersion": "PC_BASE_1"
        },
        {
            "prefix": "",
            "path": "assets/",
            "type": "script",
            "fileName": "js/ui/fullcalendar.js",
            "version": "0.1.0",
            "isCompressFile": false,
            "isExternalFile": false,
            "isSourceCode": false,
            "evnVersion": "PC_BASE_1"
        },
        {
            "prefix": "",
            "path": "assets/",
            "type": "script",
            "fileName": "js/netstar-customConfig.js",
            "version": "0.1.0",
            "isCompressFile": false,
            "isExternalFile": false,
            "isSourceCode": false,
            "evnVersion": "?"
        },
        {
            "prefix": "",
            "path": "assets/",
            "type": "script",
            "fileName": "js/ui/nsui-tablemanager.js",
            "version": "0.1.0",
            "isCompressFile": false,
            "isExternalFile": false,
            "isSourceCode": false,
            "evnVersion": "PC_BASE_1,PC_TEMPLATE_1"
        },
        {
            "prefix": "",
            "path": "assets/",
            "type": "script",
            "fileName": "js/ui/nsui-formmanager.js",
            "version": "0.1.0",
            "isCompressFile": false,
            "isExternalFile": false,
            "isSourceCode": false,
            "evnVersion": "PC_BASE_1,PC_TEMPLATE_1"
        },
        {
            "prefix": "",
            "path": "assets/",
            "type": "script",
            "fileName": "js/ui/nsui-statictable.js",
            "version": "0.1.0",
            "isCompressFile": false,
            "isExternalFile": false,
            "isSourceCode": false,
            "evnVersion": "PC_BASE_1,PC_TEMPLATE_1"
        },
        {
            "prefix": "",
            "path": "assets/",
            "type": "script",
            "fileName": "js/vue.min.js",
            "version": "0.1.2",
            "isCompressFile": true,
            "isExternalFile": false,
            "isSourceCode": false,
            "evnVersion": "PRELOAD"
        },
        {
            "prefix": "",
            "path": "assets/",
            "type": "script",
            "fileName": "js/pt/nspt-nav.js",
            "version": "0.1.2",
            "isCompressFile": false,
            "isExternalFile": false,
            "isSourceCode": false,
            "evnVersion": "DISABLED"
        },
        {
            "prefix": "",
            "path": "assets/",
            "type": "script",
            "fileName": "js/pt/nspt-labelpage.js",
            "version": "0.1.2",
            "isCompressFile": false,
            "isExternalFile": false,
            "isSourceCode": false,
            "evnVersion": "PRELOAD"
        },
        {
            "prefix": "",
            "path": "assets/",
            "type": "script",
            "fileName": "js/pt/netstar-component.js",
            "version": "0.1.0",
            "isCompressFile": false,
            "isExternalFile": false,
            "isSourceCode": false,
            "evnVersion": "PC_TEMPLATE_2"
        },
        {
            "prefix": "",
            "path": "assets/",
            "type": "script",
            "fileName": "js/editor/netstar-componenteditor.js",
            "version": "0.1.0",
            "isCompressFile": false,
            "isExternalFile": false,
            "isSourceCode": false,
            "evnVersion": "PC_EDITOR_1"
        },
        {
            "prefix": "",
            "path": "assets/",
            "type": "script",
            "fileName": "js/pt/netstar-utils.js",
            "version": "0.1.2",
            "isCompressFile": false,
            "isExternalFile": false,
            "isSourceCode": false,
            "evnVersion": "PRELOAD"
        },
        {
            "prefix": "",
            "path": "assets/",
            "type": "script",
            "fileName": "js/pt/netstar-grid.js",
            "version": "0.1.2",
            "isCompressFile": false,
            "isExternalFile": false,
            "isSourceCode": false,
            "evnVersion": "PC_TEMPLATE_2"
        },
        {
            "prefix": "",
            "path": "assets/",
            "type": "script",
            "fileName": "js/pt/template/nspt-template.js",
            "version": "0.1.0",
            "isCompressFile": false,
            "isExternalFile": false,
            "isSourceCode": false,
            "evnVersion": "PC_TEMPLATE_2"
        },
        {
            "prefix": "",
            "path": "assets/",
            "type": "script",
            "fileName": "js/pt/template/nspt-businessdatabase.js",
            "version": "0.1.0",
            "isCompressFile": false,
            "isExternalFile": false,
            "isSourceCode": false,
            "evnVersion": "PC_TEMPLATE_2"
        },
        {
            "prefix": "",
            "path": "assets/",
            "type": "script",
            "fileName": "js/pt/template/nspt-businessdatabaseeditor.js",
            "version": "0.1.0",
            "isCompressFile": false,
            "isExternalFile": false,
            "isSourceCode": false,
            "evnVersion": "PC_TEMPLATE_2"
        },
        {
            "prefix": "",
            "path": "assets/",
            "type": "script",
            "fileName": "js/pt/template/nspt-doclistviewer.js",
            "version": "0.1.0",
            "isCompressFile": false,
            "isExternalFile": false,
            "isSourceCode": false,
            "evnVersion": "PC_TEMPLATE_2"
        },
        {
            "prefix": "",
            "path": "assets/",
            "type": "script",
            "fileName": "js/pt/template/nspt-processdocbase.js",
            "version": "0.1.0",
            "isCompressFile": false,
            "isExternalFile": false,
            "isSourceCode": false,
            "evnVersion": "PC_TEMPLATE_2"
        },
        {
            "prefix": "",
            "path": "assets/",
            "type": "script",
            "fileName": "js/pt/template/nspt-processdocsecond.js",
            "version": "0.1.0",
            "isCompressFile": false,
            "isExternalFile": false,
            "isSourceCode": false,
            "evnVersion": "PC_TEMPLATE_2"
        },
        {
            "prefix": "",
            "path": "assets/",
            "type": "script",
            "fileName": "js/pt/nspt-button.js",
            "version": "0.1.0",
            "isCompressFile": false,
            "isExternalFile": false,
            "isSourceCode": false,
            "evnVersion": "PC_TEMPLATE_2"
        },
        {
            "prefix": "",
            "path": "assets/",
            "type": "script",
            "fileName": "js/pt/template/nspt-draft.js",
            "version": "0.1.0",
            "isCompressFile": false,
            "isExternalFile": false,
            "isSourceCode": false,
            "evnVersion": "PC_TEMPLATE_2"
        },
        {
            "prefix": "",
            "path": "assets/",
            "type": "script",
            "fileName": "js/pt/template/nspt-tree.js",
            "version": "0.1.0",
            "isCompressFile": false,
            "isExternalFile": false,
            "isSourceCode": false,
            "evnVersion": "PC_TEMPLATE_2"
        },
        {
            "prefix": "",
            "path": "assets/",
            "type": "script",
            "fileName": "js/codemirror/codemirror.js",
            "version": "5.38.0",
            "isCompressFile": false,
            "isExternalFile": false,
            "isSourceCode": false,
            "evnVersion": "?"
        },
        {
            "prefix": "",
            "path": "assets/",
            "type": "script",
            "fileName": "js/codemirror/mode/javascript/javascript.js",
            "version": "5.38.0",
            "isCompressFile": false,
            "isExternalFile": false,
            "isSourceCode": false,
            "evnVersion": "?"
        },
        {
            "prefix": "",
            "path": "assets/",
            "type": "script",
            "fileName": "js/template/nstemplate-common.js",
            "version": "0.1.0",
            "isCompressFile": false,
            "isExternalFile": false,
            "isSourceCode": false,
            "evnVersion": "PC_BASE_1,PC_TEMPLATE_1"
        },
        {
            "prefix": "",
            "path": "assets/",
            "type": "script",
            "fileName": "js/template/nstemplate-managertable.js",
            "version": "0.1.0",
            "isCompressFile": false,
            "isExternalFile": false,
            "isSourceCode": false,
            "evnVersion": "PC_BASE_1,PC_TEMPLATE_1"
        },
        {
            "prefix": "",
            "path": "assets/",
            "type": "script",
            "fileName": "js/template/nstemplate-simplestats.js",
            "version": "0.1.0",
            "isCompressFile": false,
            "isExternalFile": false,
            "isSourceCode": false,
            "evnVersion": "PC_BASE_1,PC_TEMPLATE_1"
        },
        {
            "prefix": "",
            "path": "assets/",
            "type": "script",
            "fileName": "js/template/nstemplate-advancesearch.js",
            "version": "0.1.0",
            "isCompressFile": false,
            "isExternalFile": false,
            "isSourceCode": false,
            "evnVersion": "PC_BASE_1,PC_TEMPLATE_1"
        },
        {
            "prefix": "",
            "path": "assets/",
            "type": "script",
            "fileName": "js/template/nstemplate-doubletables.js",
            "version": "0.1.0",
            "isCompressFile": false,
            "isExternalFile": false,
            "isSourceCode": false,
            "evnVersion": "PC_BASE_1,PC_TEMPLATE_1"
        },
        {
            "prefix": "",
            "path": "assets/",
            "type": "script",
            "fileName": "js/template/nstemplate-tabformlist.js",
            "version": "0.1.0",
            "isCompressFile": false,
            "isExternalFile": false,
            "isSourceCode": false,
            "evnVersion": "PC_BASE_1,PC_TEMPLATE_1"
        },
        {
            "prefix": "",
            "path": "assets/",
            "type": "script",
            "fileName": "js/template/nstemplate-treetable.js",
            "version": "0.1.0",
            "isCompressFile": false,
            "isExternalFile": false,
            "isSourceCode": false,
            "evnVersion": "PC_BASE_1,PC_TEMPLATE_1"
        },
        {
            "prefix": "",
            "path": "assets/",
            "type": "script",
            "fileName": "js/template/nstemplate-formtable.js",
            "version": "0.1.0",
            "isCompressFile": false,
            "isExternalFile": false,
            "isSourceCode": false,
            "evnVersion": "PC_BASE_1,PC_TEMPLATE_1"
        },
        {
            "prefix": "",
            "path": "assets/",
            "type": "script",
            "fileName": "js/template/nstemplate-singleform.js",
            "version": "0.1.0",
            "isCompressFile": false,
            "isExternalFile": false,
            "isSourceCode": false,
            "evnVersion": "PC_BASE_1,PC_TEMPLATE_1"
        },
        {
            "prefix": "",
            "path": "assets/",
            "type": "script",
            "fileName": "js/template/nstemplate-listfilter.js",
            "version": "0.1.0",
            "isCompressFile": false,
            "isExternalFile": false,
            "isSourceCode": false,
            "evnVersion": "PC_BASE_1,PC_TEMPLATE_1"
        },
        {
            "prefix": "",
            "path": "assets/",
            "type": "script",
            "fileName": "js/template/nstemplate-singletable.js",
            "version": "0.1.0",
            "isCompressFile": false,
            "isExternalFile": false,
            "isSourceCode": false,
            "evnVersion": "PC_BASE_1,PC_TEMPLATE_1"
        },
        {
            "prefix": "",
            "path": "assets/",
            "type": "script",
            "fileName": "js/ui/nsui-tablecolumn.js",
            "version": "0.1.0",
            "isCompressFile": false,
            "isExternalFile": false,
            "isSourceCode": false,
            "evnVersion": "PC_BASE_1,PC_TEMPLATE_1"
        },
        {
            "prefix": "",
            "path": "assets/",
            "type": "script",
            "fileName": "js/table/nslist.js",
            "version": "0.1.0",
            "isCompressFile": false,
            "isExternalFile": false,
            "isSourceCode": false,
            "evnVersion": "PC_BASE_1,PC_TEMPLATE_1,PC_TEMPLATE_2,MOBILE_TEMPLATE_1,MOBILE_TEMPLATE_2"
        },
        {
            "prefix": "",
            "path": "assets/",
            "type": "script",
            "fileName": "js/table/blocktable.js",
            "version": "0.1.0",
            "isCompressFile": false,
            "isExternalFile": false,
            "isSourceCode": false,
            "evnVersion": "PC_BASE_1,PC_TEMPLATE_1,PC_TEMPLATE_2,MOBILE_TEMPLATE_1"
        },
        {
            "prefix": "",
            "path": "assets/",
            "type": "script",
            "fileName": "js/template/nstemplate-pagelayout.js",
            "version": "0.0.0",
            "isCompressFile": false,
            "isExternalFile": false,
            "isSourceCode": false,
            "evnVersion": "PC_BASE_1,PC_TEMPLATE_1,PC_TEMPLATE_2"
        },
        {
            "prefix": "",
            "path": "assets/",
            "type": "script",
            "fileName": "js/pt/nspt-project.js",
            "version": "0.0.0",
            "isCompressFile": false,
            "isExternalFile": false,
            "isSourceCode": false,
            "evnVersion": "PC_TEMPLATE_2"
        },
        {
            "prefix": "",
            "path": "assets/",
            "type": "script",
            "fileName": "js/editor/nsvodatasourcemanager.js",
            "version": "0.1.0",
            "isCompressFile": false,
            "isExternalFile": false,
            "isSourceCode": false,
            "evnVersion": "PC_EDITOR_1"
        },
        {
            "prefix": "",
            "path": "assets/",
            "type": "script",
            "fileName": "js/editor/nseditorpage.js",
            "version": "0.1.0",
            "isCompressFile": false,
            "isExternalFile": false,
            "isSourceCode": false,
            "evnVersion": "PC_EDITOR_1"
        },
        {
            "prefix": "",
            "path": "assets/",
            "type": "script",
            "fileName": "js/editor/nsfunctioneditor.js",
            "version": "0.1.0",
            "isCompressFile": false,
            "isExternalFile": false,
            "isSourceCode": false,
            "evnVersion": "PC_EDITOR_1"
        },
        {
            "prefix": "",
            "path": "assets/",
            "type": "script",
            "fileName": "js/editor/nsvodatasourcelist.js",
            "version": "0.1.0",
            "isCompressFile": false,
            "isExternalFile": false,
            "isSourceCode": false,
            "evnVersion": "PC_EDITOR_1"
        },
        {
            "prefix": "",
            "path": "assets/",
            "type": "script",
            "fileName": "js/editor/nsmindjettools.js",
            "version": "0.1.0",
            "isCompressFile": false,
            "isExternalFile": false,
            "isSourceCode": false,
            "evnVersion": "PC_EDITOR_1"
        },
        {
            "prefix": "",
            "path": "assets/",
            "type": "script",
            "fileName": "js/ueditor/ueditor.config.js",
            "version": "0.0.0",
            "isCompressFile": false,
            "isExternalFile": false,
            "isSourceCode": false,
            "evnVersion": "PC_BASE_1"
        },
        {
            "prefix": "",
            "path": "assets/",
            "type": "script",
            "fileName": "js/ueditor/ueditor.all.min.js",
            "version": "0.0.0",
            "isCompressFile": true,
            "isExternalFile": false,
            "isSourceCode": false,
            "evnVersion": "PC_BASE_1"
        },
        {
            "prefix": "",
            "path": "assets/",
            "type": "script",
            "fileName": "js/ueditor/kityformula-plugin/addKityFormulaDialog.js",
            "version": "0.0.0",
            "isCompressFile": false,
            "isExternalFile": false,
            "isSourceCode": false,
            "evnVersion": "PC_BASE_1"
        },
        {
            "prefix": "",
            "path": "assets/",
            "type": "script",
            "fileName": "js/ueditor/kityformula-plugin/getKfContent.js",
            "version": "0.0.0",
            "isCompressFile": false,
            "isExternalFile": false,
            "isSourceCode": false,
            "evnVersion": "PC_BASE_1"
        },
        {
            "prefix": "",
            "path": "assets/",
            "type": "script",
            "fileName": "js/ueditor/kityformula-plugin/defaultFilterFix.js",
            "version": "0.0.0",
            "isCompressFile": false,
            "isExternalFile": false,
            "isSourceCode": false,
            "evnVersion": "PC_BASE_1"
        },
        {
            "prefix": "",
            "path": "",
            "type": "script",
            "fileName": "<script type=\"text/javascript\" nsevn-version=\"PC_template_2\">\n    mxBasePath = 'http://114.115.179.114:30333/assets/flow/';  \n</script>",
            "version": "",
            "isCompressFile": false,
            "isExternalFile": true,
            "isSourceCode": true,
            "evnVersion": "PC_TEMPLATE_2"
        },
        {
            "prefix": "",
            "path": "assets/",
            "type": "script",
            "fileName": "js/pt/common/stomp.js",
            "version": "0.1.0",
            "isCompressFile": false,
            "isExternalFile": false,
            "isSourceCode": false,
            "evnVersion": "PRELOAD"
        },
        {
            "prefix": "",
            "path": "assets/",
            "type": "script",
            "fileName": "js/pt/common/netstarrabbitmq.js",
            "version": "0.1.0",
            "isCompressFile": false,
            "isExternalFile": false,
            "isSourceCode": false,
            "evnVersion": "PRELOAD"
        },
        {
            "prefix": "",
            "path": "assets/",
            "type": "script",
            "fileName": "js/workflow/mxClient.min.js",
            "version": "0.1.0",
            "isCompressFile": true,
            "isExternalFile": false,
            "isSourceCode": false,
            "evnVersion": "PC_TEMPLATE_2"
        },
        {
            "prefix": "",
            "path": "assets/",
            "type": "script",
            "fileName": "js/workflow/flowchartviewer.js",
            "version": "0.9.2",
            "isCompressFile": false,
            "isExternalFile": false,
            "isSourceCode": false,
            "evnVersion": "PC_TEMPLATE_2"
        },
        {
            "prefix": "",
            "path": "assets/",
            "type": "script",
            "fileName": "js/webupload/webuploader.js",
            "version": "1.5.0",
            "isCompressFile": false,
            "isExternalFile": false,
            "isSourceCode": false,
            "evnVersion": "PC_TEMPLATE_2"
        },
        {
            "prefix": "",
            "path": "assets/",
            "type": "script",
            "fileName": "js/webupload/webupload.js",
            "version": "0.1.0",
            "isCompressFile": false,
            "isExternalFile": false,
            "isSourceCode": false,
            "evnVersion": "PC_TEMPLATE_2"
        },
        {
            "prefix": "",
            "path": "assets/",
            "type": "script",
            "fileName": "js/ui/nsui-numrange.js",
            "version": "0.1.0",
            "isCompressFile": false,
            "isExternalFile": false,
            "isSourceCode": false,
            "evnVersion": "PC_TEMPLATE_1"
        },
        {
            "prefix": "",
            "path": "assets/",
            "type": "script",
            "fileName": "js/ui/nsui.radiocheckstring.js",
            "version": "0.1.0",
            "isCompressFile": false,
            "isExternalFile": false,
            "isSourceCode": false,
            "evnVersion": "PC_BASE_1"
        },
        {
            "prefix": "",
            "path": "assets/",
            "type": "script",
            "fileName": "js/ui/canvas.js",
            "version": "0.0.0",
            "isCompressFile": false,
            "isExternalFile": false,
            "isSourceCode": false,
            "evnVersion": "PC_BASE_1,PC_TEMPLATE_1"
        },
        {
            "prefix": "",
            "path": "assets/",
            "type": "script",
            "fileName": "js/ui/ruleentry.js",
            "version": "0.0.0",
            "isCompressFile": false,
            "isExternalFile": false,
            "isSourceCode": false,
            "evnVersion": "PC_BASE_1,PC_TEMPLATE_1"
        },
        {
            "prefix": "",
            "path": "assets/",
            "type": "script",
            "fileName": "js/ui/importedcomponents.js",
            "version": "0.0.0",
            "isCompressFile": false,
            "isExternalFile": false,
            "isSourceCode": false,
            "evnVersion": "PC_BASE_1"
        },
        {
            "prefix": "",
            "path": "assets/",
            "type": "script",
            "fileName": "js/chat/netstar-chat.js",
            "version": "0.0.0",
            "isCompressFile": false,
            "isExternalFile": false,
            "isSourceCode": false,
            "evnVersion": "PC_BASE_1,PC_TEMPLATE_1"
        },
        {
            "prefix": "",
            "path": "assets/",
            "type": "script",
            "fileName": "js/jsxlsx/shim.min.js",
            "version": "0.0.0",
            "isCompressFile": true,
            "isExternalFile": false,
            "isSourceCode": false,
            "evnVersion": "PC_BASE_1,PC_TEMPLATE_1"
        },
        {
            "prefix": "",
            "path": "assets/",
            "type": "script",
            "fileName": "js/jsxlsx/xlsx.full.min.js",
            "version": "0.0.0",
            "isCompressFile": true,
            "isExternalFile": false,
            "isSourceCode": false,
            "evnVersion": "PC_BASE_1,PC_TEMPLATE_1"
        },
        {
            "prefix": "",
            "path": "assets/",
            "type": "script",
            "fileName": "js/export/nsui-exportxlsx.js",
            "version": "0.0.0",
            "isCompressFile": false,
            "isExternalFile": false,
            "isSourceCode": false,
            "evnVersion": "PC_BASE_1,PC_TEMPLATE_1"
        },
        {
            "prefix": "",
            "path": "assets/",
            "type": "script",
            "fileName": "js/viewer/viewer.js",
            "version": "0.0.0",
            "isCompressFile": false,
            "isExternalFile": false,
            "isSourceCode": false,
            "evnVersion": "PC_BASE_1,PC_TEMPLATE_1,MOBILE_TEMPLATE_1,PC_TEMPLATE_2"
        },
        {
            "prefix": "",
            "path": "assets/",
            "type": "script",
            "fileName": "js/viewer/jquery-viewer.min.js",
            "version": "0.0.0",
            "isCompressFile": true,
            "isExternalFile": false,
            "isSourceCode": false,
            "evnVersion": "PC_BASE_1,PC_TEMPLATE_1,MOBILE_TEMPLATE_1,PC_TEMPLATE_2"
        },
        {
            "prefix": "",
            "path": "assets/",
            "type": "script",
            "fileName": "js/ui/nsui-keyboard.js",
            "version": "0.1.0",
            "isCompressFile": false,
            "isExternalFile": false,
            "isSourceCode": false,
            "evnVersion": "PC_BASE_1,PC_TEMPLATE_1,PC_TEMPLATE_2"
        },
        {
            "prefix": "",
            "path": "assets/",
            "type": "script",
            "fileName": "js/pt/nspt-catchhandler.js",
            "version": "0.1.0",
            "isCompressFile": false,
            "isExternalFile": false,
            "isSourceCode": false,
            "evnVersion": "PC_TEMPLATE_2"
        },
        {
            "prefix": "",
            "path": "assets/",
            "type": "script",
            "fileName": "js/mobile/filldatawithconfig.js",
            "version": "0.1.0",
            "isCompressFile": false,
            "isExternalFile": false,
            "isSourceCode": false,
            "evnVersion": "PC_TEMPLATE_1,MOBILE_TEMPLATE_1"
        },
        {
            "prefix": "",
            "path": "assets/",
            "type": "script",
            "fileName": "js/mobile/mobileSearch.js",
            "version": "0.1.0",
            "isCompressFile": false,
            "isExternalFile": false,
            "isSourceCode": false,
            "evnVersion": "PC_TEMPLATE_1,MOBILE_TEMPLATE_1"
        },
        {
            "prefix": "",
            "path": "assets/",
            "type": "script",
            "fileName": "js/pt/nspt-message.js",
            "version": "0.1.0",
            "isCompressFile": false,
            "isExternalFile": false,
            "isSourceCode": false,
            "evnVersion": "DISABLED"
        },
        {
            "prefix": "",
            "path": "assets/",
            "type": "script",
            "fileName": "js/pt/nspt-main.js",
            "version": "0.1.0",
            "isCompressFile": false,
            "isExternalFile": false,
            "isSourceCode": false,
            "evnVersion": "PRELOAD"
        },
        {
            "prefix": "",
            "path": "assets/",
            "type": "script",
            "fileName": "js/codemirror/codemirror.js",
            "version": "0.0.0",
            "isCompressFile": false,
            "isExternalFile": false,
            "isSourceCode": false,
            "evnVersion": "?"
        }
    ]
}