{
    "success" : true,
    "rows" : [
        {
            "id": "1",
            "name": "食品",
            "sort": 0,
            "children": [
                {
                    "id": "12",
                    "name": "干果",
                    "parent": "1",
                    "sort": 1,
                    "checked": true,
                    "children": [
                        {
                            "id": "121",
                            "name": "开心果",
                            "parent": "12",
                            "sort": 6,
                            "checked": true
                        },
                        {
                            "id": "122",
                            "name": "核桃",
                            "parent": "12",
                            "sort": 7,
                            "checked": true
                        },
                        {
                            "id": "123",
                            "name": "核桃",
                            "parent": "12",
                            "sort": 8,
                            "checked": true
                        },
                        {
                            "id": "124",
                            "name": "核桃",
                            "parent": "12",
                            "sort": 9,
                            "checked": true
                        }
                    ],
                    "isParent": true
                },
                {
                    "id": "11",
                    "name": "水果",
                    "parent": "1",
                    "sort": 2,
                    "children": [
                        {
                            "id": "111",
                            "name": "苹果",
                            "parent": "11",
                            "sort": 3
                        },
                        {
                            "id": "112",
                            "name": "香蕉",
                            "parent": "11",
                            "sort": 4
                        },
                        {
                            "id": "113",
                            "name": "梨",
                            "parent": "11",
                            "sort": 5
                        },
                        {
                            "id": "114",
                            "name": "核桃",
                            "parent": "11",
                            "sort": 6,
                            "checked": true
                        }
                    ],
                    "isParent": true
                },
                {
                    "id": "13",
                    "name": "粮食",
                    "parent": "1",
                    "sort": 8,
                    "children": [
                        {
                            "id": "132",
                            "name": "小米",
                            "parent": "13",
                            "sort": 9
                        },
                        {
                            "id": "131",
                            "name": "大米",
                            "parent": "13",
                            "sort": 11,
                            "children": [
                                {
                                    "id": "1311",
                                    "name": "东北大米",
                                    "parent": "131",
                                    "sort": 10
                                },
                                {
                                    "id": "1312",
                                    "name": "核桃",
                                    "parent": "131",
                                    "sort": 6
                                }
                            ],
                            "isParent": true
                        }
                    ],
                    "isParent": true
                },
                {
                    "id": "14",
                    "name": "核桃",
                    "parent": "1",
                    "sort": 6
                }
            ],
            "isParent": true
        }
    ]
}